replied_tweet_id,reply_tweet_id,annotation1,annotation2,final_annotation
1244620329017839624,1418845944620199944,0,0,0
1248351811163033603,1248369155495075841,0,0,0
1254546944682270720,1254549295971414021,0,0,0
1260921340665552896,1447955791936372736,0,0,0
1260921340665552896,1447922104628916241,0,0,0
1271041169028526080,1271383630993072129,2,2,2
1273178694408908802,1273181930067038213,0,0,0
1279895760763531264,1279897941851938822,0,0,0
1290965613653954562,1290975396490600448,0,0,0
1298952898588692480,1438103678284488706,0,0,0
1304708547150831617,1444404252022034433,0,0,0
1304708547150831617,1444403741311086600,0,0,0
1309812771694014464,1311782295175561218,0,0,0
1309812771694014464,1311332136444661764,0,0,0
1309812771694014464,1309849434465820672,0,0,0
1313903247762038784,1334374447302774786,0,0,0
1313903247762038784,1333809036693737474,0,0,0
1313903247762038784,1329104647424978948,0,0,0
1316764442105872384,1316777755049160704,0,0,0
1319412022925234176,1319483593060659201,0,0,0
1320446765997449218,1320645530414972928,0,0,0
1320446765997449218,1320595584013737985,0,0,0
1320446765997449218,1320448803988742147,0,0,0
1320446765997449218,1320447509949460485,0,0,0
1321506456634564611,1321507287291301890,0,0,0
1322864693002776581,1332959476152987648,0,0,0
1325773879491620866,1471791383866392576,0,0,0
1326594979867844610,1326655719932899330,0,0,0
1326594979867844610,1326598091613630467,0,0,0
1326594979867844610,1326595293887000577,0,0,0
1326845775071031297,1326857789516472320,0,0,0
1329863405587542017,1329897905222782977,0,0,0
1329863405587542017,1329879363299516416,0,0,0
1329863405587542017,1329869277650972679,0,0,0
1329863405587542017,1329864198122319872,0,0,0
1330228471516291081,1333451928190267392,0,0,0
1331309447210283011,1331708718426238982,0,0,0
1332597703201710082,1332618798046867456,0,0,0
1332597703201710082,1332598094626775042,0,0,0
1333155242230370304,1333323691946602497,0,0,0
1332960090077487105,1333809304915292164,0,0,0
1332956001121804288,1332975323047219206,0,0,0
1333485993316454400,1336735093910622212,0,0,0
1333708949087019008,1333709224812163078,0,0,0
1334250971954810882,1334435718987444227,0,0,0
1334250971954810882,1334426665771003904,0,0,0
1334250971954810882,1334425849555247110,0,0,0
1334250971954810882,1334406553965826049,0,0,0
1334250971954810882,1334395192984657920,0,0,0
1334090373803761665,1334091441270894593,0,0,0
1334459534782455812,1419941934278262788,0,0,0
1334347450916741125,1334431427392397312,0,0,0
1334347450916741125,1334348565343244290,0,0,0
1334952162863046665,1334960636762222592,0,0,0
1335336087011663882,1335498125314641920,0,0,0
1335577573884108801,1335617827353595906,0,0,0
1336032221841461250,1336058895412977664,0,0,0
1335799856007426048,1335800604212523008,0,0,0
1336770903242371072,1336775228429643779,0,0,0
1336770903242371072,1336773086792839168,0,0,0
1336741194957811715,1336742820061847554,0,0,0
1336684648840237060,1336721473965355013,0,0,0
1336684648840237060,1336698179627184128,0,0,0
1337879267833749506,1338432440956809217,0,0,0
1341299836105191425,1341426486885183488,0,0,0
1343291189706055681,1343315572986142721,0,0,0
1343211508071854084,1343216558424907776,0,0,0
1343665031351824384,1343668635404009472,0,0,0
1343937681148022784,1343957566796263424,0,0,0
1343937681148022784,1343951757328711680,0,0,0
1343937681148022784,1343946425734983682,0,0,0
1344346057887653890,1344357345883803648,0,0,0
1344662316525252613,1344666907190898688,0,0,0
1345160396831907843,1410802804197924864,0,0,0
1345160396831907843,1345161178851520514,0,0,0
1345957079417315328,1345981849177366528,0,0,0
1345957079417315328,1345967868408700928,0,0,0
1348226731040243716,1420019909145288712,0,0,0
1348226731040243716,1348249370660110336,0,0,0
1349770247285444610,1349770635220807680,0,0,0
1349625180579102723,1349658402025316353,0,0,0
1349589010189049859,1349642387702902784,0,0,0
1350218157156347904,1350221621332758532,0,0,0
1350108969419812864,1350116809924612096,0,0,0
1350065786124181511,1352209046691074048,0,0,0
1350468267492651010,1350469949463080962,0,0,0
1350379738238513153,1350920739780775937,0,0,0
1350379738238513153,1350875928117866497,0,0,0
1350379738238513153,1350828804663627786,0,0,0
1350379738238513153,1350685935797743620,2,2,2
1350379738238513153,1350551966661963776,0,0,0
1350379738238513153,1350549300179251209,0,0,0
1350343606649892864,1350354196357386241,0,0,0
1350343606649892864,1350347473424969731,0,0,0
1350926289839005698,1351165005325103108,0,0,0
1350926289839005698,1350926701090508800,0,0,0
1351970386905325568,1351990815611117571,0,0,0
1351970386905325568,1351972811783462915,0,0,0
1351970386905325568,1351972383616335873,0,0,0
1353077960245268481,1353349566809202688,0,0,0
1353077960245268481,1353327502513594368,0,0,0
1353077960245268481,1353091161687269384,0,0,0
1353077960245268481,1353084534166876162,0,0,0
1354826467818004485,1355163283641262087,0,0,0
1355141768195559429,1355386182822146048,0,0,0
1355141768195559429,1355255833244934147,0,0,0
1355141768195559429,1355146392939986944,0,0,0
1355599011714101248,1355789877774839808,0,0,0
1355599011714101248,1355789784321429508,0,0,0
1355599011714101248,1355648421596717059,0,0,0
1355599011714101248,1355630851019702278,0,0,0
1355599011714101248,1355599824448581635,0,0,0
1356578634513981445,1356618656994779136,0,0,0
1356578634513981445,1356581261284937728,0,0,0
1357354618871812097,1357361704364085250,0,0,0
1358795836742905857,1358802438506037249,0,0,0
1361050244461572104,1361226408559845378,0,0,0
1361050244461572104,1361051885550067715,0,0,0
1363079073430396928,1363245811782594569,0,0,0
1363079073430396928,1363079495939469312,0,0,0
1362962846359953409,1363724644214267907,0,0,0
1362962846359953409,1363578691075334147,0,0,0
1364005824822194181,1364143678479093761,0,0,0
1366306579058995200,1367877754079883267,0,0,0
1367155609645305865,1367342615436398594,0,0,0
1369296291281403906,1369296992409640962,0,0,0
1370045458555543555,1370051223030796291,0,0,0
1370991744452530177,1371132959064002560,0,0,0
1373624527868022788,1373710891359830023,0,0,0
1373624527868022788,1373627264999510016,0,0,0
1373624527868022788,1373625080878612480,0,0,0
1374368304786108420,1374628723086000129,0,0,0
1374600669613670401,1374809073313546240,0,0,0
1375907427347009540,1376327180582596610,0,0,0
1375907427347009540,1375913642697367553,0,0,0
1375907427347009540,1375913624775094272,0,0,0
1375754388220866562,1376114130353074176,0,0,0
1376586646955655168,1379357679685079045,0,0,0
1376416594289688576,1376471505702379520,0,0,0
1376802814979145729,1376824607123062786,0,0,0
1377347564756901889,1377671471993081860,0,0,0
1377347564756901889,1377466540447170562,0,0,0
1378716056425013253,1379173219039649797,0,0,0
1378610499298996226,1378612966300524547,0,0,0
1381733223504433156,1381971333714649091,0,0,0
1381733223504433156,1381841902958477313,0,0,0
1381733223504433156,1381752541847953408,0,0,0
1382369818574270471,1382453197244088338,0,0,0
1382369818574270471,1382378352158388230,0,0,0
1382369818574270471,1382374153668399114,0,0,0
1382369818574270471,1382372921553870855,0,0,0
1382972064684969984,1382977926958813184,0,0,0
1383821707115327507,1383870591887765514,0,0,0
1383821707115327507,1383848718500171776,2,2,2
1383821707115327507,1383837828522528776,2,2,2
1383821707115327507,1383832017284960259,0,0,0
1383821707115327507,1383830002068725769,0,0,0
1383821707115327507,1383827436857552902,0,0,0
1383821707115327507,1383826919737622534,0,0,0
1383821707115327507,1383823048474722320,0,0,0
1383762640237854720,1383925226262568966,0,0,0
1383737239499198467,1383740247494696966,0,0,0
1384155883907678220,1384167330414878721,0,0,0
1384631875487117315,1554449381554024448,0,0,0
1384609505275793410,1384796467378987008,0,0,0
1384609505275793410,1384780667947556870,0,0,0
1384609505275793410,1384610357923090433,0,0,0
1384594680659300353,1384611913582080002,0,0,0
1384594680659300353,1384611248856313857,0,0,0
1384544246355615749,1384556312449720320,0,0,0
1384852706758627330,1386000358254776320,0,0,0
1384852706758627330,1385131421669412869,0,0,0
1384852706758627330,1385098553454993408,0,0,0
1384852706758627330,1385088375405809666,0,0,0
1384852706758627330,1385040428097998848,0,0,0
1384852706758627330,1384963648599252992,0,0,0
1384852706758627330,1384940923692494849,0,0,0
1384852706758627330,1384920126672232450,0,0,0
1384852706758627330,1384882999867625479,0,0,0
1386359095893057544,1386404601411215365,0,0,0
1386655148353675268,1386744166886133762,0,0,0
1387133783846031369,1387814886898601984,0,0,0
1387133783846031369,1387383458167619587,0,0,0
1387133783846031369,1387334264417628163,0,0,0
1387133783846031369,1387324058405117952,0,0,0
1387133783846031369,1387293440808005632,0,0,0
1387133783846031369,1387227866295934976,0,0,0
1387133783846031369,1387146271341883393,0,0,0
1387133783846031369,1387142154464661505,0,0,0
1387133783846031369,1387137892993097732,0,0,0
1387133783846031369,1387136773701111812,0,0,0
1387133783846031369,1387135398267265033,0,0,0
1387010320397385729,1387014979795181571,0,0,0
1387457845650616323,1387911223719649288,0,0,0
1387457845650616323,1387762450120990724,0,0,0
1387457845650616323,1387716922058448898,0,0,0
1387457845650616323,1387675072106795010,0,0,0
1387457845650616323,1387657769315143681,0,0,0
1387457845650616323,1387649146438422534,0,0,0
1387457845650616323,1387497909193777159,0,0,0
1387457845650616323,1387493661777203203,0,0,0
1387457845650616323,1387492596646387712,0,0,0
1387457845650616323,1387487526508761088,0,0,0
1387457845650616323,1387485397777887235,0,0,0
1387457845650616323,1387480202910085132,0,0,0
1387457845650616323,1387477312388612107,0,0,0
1387457845650616323,1387459396687511554,0,0,0
1387457845650616323,1387459215661445120,0,0,0
1387347931297091584,1387368233687265283,0,0,0
1387253417131843586,1387577209867603968,0,0,0
1387253417131843586,1387283639113818114,0,0,0
1387629987709308930,1387647171303034895,0,0,0
1388095437756899331,1388096806152716289,0,0,0
1388095437756899331,1388096594067738628,0,0,0
1388095437756899331,1388096495681949697,0,0,0
1388502298855366662,1389238155635789827,0,0,0
1388502298855366662,1388778044727365634,0,0,0
1388502298855366662,1388774382978441218,0,0,0
1388502298855366662,1388639902439444490,0,0,0
1388502298855366662,1388628478958915586,0,0,0
1388502298855366662,1388591715926294535,0,0,0
1388502298855366662,1388589533944586240,0,0,0
1388502298855366662,1388588656743616512,0,0,0
1388502298855366662,1388547372385509379,0,0,0
1388502298855366662,1388545005002936321,0,0,0
1388502298855366662,1388539696201052165,0,0,0
1388502298855366662,1388532402436382724,0,0,0
1388502298855366662,1388528547610906627,0,0,0
1388502298855366662,1388528221289861122,0,0,0
1388502298855366662,1388527119685279744,0,0,0
1388502298855366662,1388523302029824001,0,0,0
1388502298855366662,1388509880386998273,0,0,0
1388502298855366662,1388504731379814403,0,0,0
1388502298855366662,1388504672034566145,0,0,0
1388443498123337728,1388496444139659266,0,0,0
1388443498123337728,1388462457467936769,0,0,0
1388443498123337728,1388457413557293056,0,0,0
1388443498123337728,1388453690584059905,0,0,0
1388443498123337728,1388451971506581506,0,0,0
1388432675673972737,1388433926985863169,0,0,0
1388918575411482627,1388944791673712640,0,0,0
1388918575411482627,1388923685369700354,0,0,0
1388918575411482627,1388922506849964037,0,0,0
1388918575411482627,1388920889765502981,0,0,0
1388916342443724801,1388919790216093696,0,0,0
1388911520176869378,1389035348232220672,0,0,0
1388911520176869378,1388918575411482627,0,0,0
1388911520176869378,1388918094282756099,0,0,0
1389680366311575557,1389846201235820550,0,0,0
1389680366311575557,1389809346960400385,0,0,0
1390008445798166529,1390458618101870592,0,0,0
1390791508480172032,1390972354654883840,0,0,0
1390730593344831497,1390751229979107333,0,0,0
1390730593344831497,1390751006271680519,0,0,0
1390730593344831497,1390736655095640066,0,0,0
1390689205710376963,1390768144311017472,0,0,0
1390682425106251779,1391021259891388418,0,0,0
1390682425106251779,1390686256078770183,0,0,0
1390682425106251779,1390683140834856964,0,0,0
1390670764542681098,1390701029021437952,0,0,0
1391190657570676740,1391525340095320064,0,0,0
1391190657570676740,1391312937562910721,0,0,0
1391676028347691009,1413604522728042498,0,0,0
1392969636564590600,1393149057464406019,0,0,0
1392938296796405763,1393123329716936705,0,0,0
1392938296796405763,1392942000358445060,0,0,0
1393157912541925376,1393283667087314944,0,0,0
1393536753156431873,1399326232387493891,0,0,0
1393536753156431873,1399319680544825345,0,0,0
1393536753156431873,1393583956394708992,0,0,0
1393536753156431873,1393538723451703296,0,0,0
1393439163635179521,1393779650355159041,0,0,0
1394000832438358019,1394035452601159680,0,0,0
1394000832438358019,1394007396779966468,0,0,0
1393947115634704388,1394041633713307654,0,0,0
1393925942813278217,1393928877186195456,0,0,0
1394374017373687815,1394441460985045000,0,0,0
1394372201281904648,1394739133952806914,0,0,0
1394372201281904648,1394726509571710976,0,0,0
1394271479303450630,1394309709067395073,0,0,0
1394245278656569347,1413054386985652228,0,0,0
1394245278656569347,1394556220724350981,0,0,0
1394245278656569347,1394275621501640710,0,0,0
1394245278656569347,1394255383066300420,0,0,0
1394245278656569347,1394254567861260288,0,0,0
1395098177389441024,1480200166565109761,0,0,0
1395098177389441024,1418627930071175171,0,0,0
1395098177389441024,1395122463495884807,0,0,0
1394958663895429120,1395157734283218949,0,0,0
1394958663895429120,1395097149973700610,0,0,0
1394958663895429120,1395097079266037767,0,0,0
1394958663895429120,1394964677004873728,0,0,0
1395304640451915776,1395713668407508996,0,0,0
1395304640451915776,1395666586233708547,0,0,0
1395304640451915776,1395484637850374144,0,0,0
1395304640451915776,1395401763885289475,0,0,0
1395278797742673921,1395281119935881218,0,0,0
1395278797742673921,1395280944404344832,0,0,0
1396164981746454532,1396503565582147586,0,0,0
1396164981746454532,1396170429266644995,0,0,0
1396030888144777217,1396043761940107267,0,0,0
1396565355817021449,1396810000551587842,0,0,0
1396565355817021449,1396808398382026759,0,0,0
1396565355817021449,1396738226187120641,0,0,0
1396556483949744129,1396971562306310156,0,0,0
1396556483949744129,1396771661647683597,0,0,0
1396880556063961092,1397141435388989442,0,0,0
1398238955452125184,1398240772114239492,0,0,0
1398238955452125184,1398239462233096197,0,0,0
1398175875976372226,1398185142141829120,0,0,0
1398170813384249355,1399337351583834114,0,0,0
1398170813384249355,1398692776674529289,0,0,0
1398170813384249355,1398250757053419520,0,0,0
1398170813384249355,1398177432511860738,0,0,0
1398170813384249355,1398175607683530753,0,0,0
1398170813384249355,1398172527785033729,0,0,0
1398738417521938434,1398823385765974018,0,0,0
1398738417521938434,1398740869881139213,0,0,0
1398679930993528838,1399478127835947011,0,0,0
1398679930993528838,1398686934160097293,0,0,0
1399393289082654726,1399413991194169351,0,0,0
1399322255956582406,1399420527513686021,0,0,0
1399661464600858624,1399960501833117699,0,0,0
1399661464600858624,1399754210053349376,0,0,0
1399661464600858624,1399715818372485123,0,0,0
1399661464600858624,1399713855773761536,0,0,0
1399661464600858624,1399708637044555780,0,0,0
1399661464600858624,1399696393586020355,0,0,0
1399661464600858624,1399661625632821256,0,0,0
1400159230984921091,1402847454102425601,0,0,0
1400159230984921091,1402300747715338242,0,0,0
1400001728213401602,1400002260902481922,0,0,0
1400756437240922115,1400756669395738631,0,0,0
1401246566011318277,1401247507611541506,0,0,0
1402337336273387521,1402383594291662848,0,0,0
1402312757152784384,1426887528242626562,0,0,0
1402312757152784384,1426524647085023232,0,0,0
1402311109156220928,1402484092541804545,0,0,0
1402715201976348674,1402718854594416640,0,0,0
1402693688288067589,1403798218467647488,0,0,0
1402693688288067589,1402710719171334144,0,0,0
1402674178596147205,1402691602490003463,0,0,0
1402617605676994560,1403664800744411136,0,0,0
1402617605676994560,1402875094867795968,0,0,0
1402617605676994560,1402833682709331969,0,0,0
1402966238859612168,1403324665121157127,0,0,0
1402844382718578689,1402874900981891072,0,0,0
1403421357644333060,1403427291217211395,0,0,0
1403341349886304260,1403366855956434946,0,0,0
1403858119776690177,1404509334386659335,0,0,0
1403750024899616776,1403785119039639558,0,0,0
1403719270987673607,1403846122343370757,0,0,0
1403690820247687175,1403721589225627653,0,0,0
1403677926122479616,1403692864580853763,0,0,0
1404161115068813319,1404395154123939840,0,0,0
1404157184582246405,1404811038839775232,0,0,0
1404157184582246405,1404478508731150345,0,0,0
1404157184582246405,1404371583922233344,0,0,0
1404157184582246405,1404355669415936002,0,0,0
1404157184582246405,1404349616817119233,0,0,0
1404157184582246405,1404348171594108928,0,0,0
1404157184582246405,1404338171891093504,0,0,0
1404157184582246405,1404334486536523778,0,0,0
1404157184582246405,1404329464557801472,0,0,0
1404157184582246405,1404329093571694598,0,0,0
1404157184582246405,1404326488762204168,0,0,0
1404157184582246405,1404311973702123520,0,0,0
1404157184582246405,1404296488239390720,0,0,0
1404157184582246405,1404212393136345091,0,0,0
1404157184582246405,1404203963256389641,0,0,0
1404157184582246405,1404201011309387780,0,0,0
1404157184582246405,1404191098277408769,0,0,0
1404157184582246405,1404177349193703426,0,0,0
1404157184582246405,1404175442807033859,0,0,0
1404157184582246405,1404171473284210691,0,0,0
1404157184582246405,1404166751072423937,0,0,0
1404157184582246405,1404161775583600642,0,0,0
1404157184582246405,1404158936056479752,0,0,0
1404157184582246405,1404158023703183360,0,0,0
1404512750785736705,1404539253128843266,0,0,0
1404512750785736705,1404532051446054914,0,0,0
1404512750785736705,1404513029149102082,0,0,0
1404361776226054145,1404713069113188352,0,0,0
1404355956163624961,1404363520838414337,0,0,0
1404921980785209347,1404936857100730368,0,0,0
1405238751471800322,1405259876641783809,0,0,0
1405238751471800322,1405242856688717824,0,0,0
1405110357232951296,1405113625694593026,0,0,0
1405621837145546754,1405848138594893832,0,0,0
1405621837145546754,1405629054024404992,0,0,0
1405621837145546754,1405626746129600512,0,0,0
1405445022254764035,1405448431586402305,0,0,0
1405430974482165767,1418871176533848065,0,0,0
1405978047178813446,1407779885280546818,0,0,0
1405978047178813446,1407777594897059844,0,0,0
1405913088117903366,1406367537282027522,0,0,0
1405913088117903366,1406288162067030018,0,0,0
1405913088117903366,1406160235606183938,0,0,0
1405913088117903366,1406000795003260932,0,0,0
1405913088117903366,1405958630957064200,0,0,0
1405913088117903366,1405932162818396163,0,0,0
1405862541054693376,1405918796590632967,0,0,0
1406349986212765697,1407061629796241409,0,0,0
1406349986212765697,1406350178261651461,0,0,0
1406218059128389637,1406218189776773128,0,0,0
1406915716541038593,1407684180868280326,0,0,0
1406915716541038593,1407275321058107394,0,0,0
1406915716541038593,1407265336550957060,0,0,0
1406915716541038593,1407259473748578304,0,0,0
1406915716541038593,1407255033532518400,0,0,0
1406915716541038593,1406990775771148292,0,0,0
1406915716541038593,1406976020310265864,0,0,0
1406915716541038593,1406961518672068608,0,0,0
1406915716541038593,1406956202987331588,0,0,0
1406915716541038593,1406930789560995846,0,0,0
1406915716541038593,1406929396892569600,0,0,0
1407266667181314052,1433374752094277633,0,0,0
1407266667181314052,1408857776705740809,0,0,0
1407830172573839367,1408166371322642436,0,0,0
1407823549939728389,1407827850334515204,0,0,0
1407783185950429185,1408001851598032896,0,0,0
1407740661470744577,1408030733000642566,0,0,0
1407612010611752961,1407612634862604288,0,0,0
1408392107610435589,1408500849085669376,0,0,0
1408392107610435589,1408401635274104838,0,0,0
1408600223753158661,1408742684689317891,0,0,0
1408600223753158661,1408689944374218764,0,0,0
1408600223753158661,1408668434632749056,0,0,0
1408600223753158661,1408664378371620865,0,0,0
1408600223753158661,1408609236628684801,0,0,0
1409100165772984323,1409119682368573445,0,0,0
1409100165772984323,1409113262634024960,0,0,0
1409518334421475337,1410881422173392896,0,0,0
1409518334421475337,1409541109798342658,0,0,0
1409446212303036416,1409526104419880966,0,0,0
1410234148585889802,1410331912997158920,0,0,0
1410234148585889802,1410238037246844936,0,0,0
1410228139616264193,1412759387135954968,0,0,0
1410228139616264193,1410495028326187010,0,0,0
1410228139616264193,1410494178434371587,0,0,0
1410228139616264193,1410266694640078850,0,0,0
1410228139616264193,1410264854636675072,0,0,0
1410228139616264193,1410253562588827650,0,0,0
1410228139616264193,1410244873580531712,0,0,0
1410228139616264193,1410237819499470848,0,0,0
1410228139616264193,1410237779791994883,0,0,0
1410228139616264193,1410230082019397633,0,0,0
1410228139616264193,1410228954301087744,0,0,0
1410478017021976576,1495548226249842689,0,0,0
1410478017021976576,1495516112326377472,0,0,0
1410478017021976576,1495515853206523907,0,0,0
1410478017021976576,1495495741875400707,0,0,0
1410992228592410626,1411006406615048192,0,0,0
1410992228592410626,1411005711090438148,0,0,0
1411320235504902147,1411341765504913408,0,0,0
1411320235504902147,1411337901082808322,0,0,0
1411320235504902147,1411331265710759936,0,0,0
1411304274185838597,1411313975401275398,0,0,0
1411262789654622208,1411264491887677442,0,0,0
1411197470932099072,1411198023976185859,0,0,0
1411626995079806977,1411964860959764485,0,0,0
1411626995079806977,1411635543738355715,0,0,0
1412040066453676032,1412050681876430857,0,0,0
1412527057041559557,1412564283142152200,0,0,0
1412527057041559557,1412539844857942016,0,0,0
1412790707794894855,1412811720461012996,0,0,0
1412790707794894855,1412801214518022144,0,0,0
1412666918541139969,1412803126273400835,0,0,0
1412666918541139969,1412668894846803969,0,0,0
1413155035513380872,1413160656879210497,0,0,0
1413635452339380225,1417901386356903946,0,0,0
1414162294771159049,1414293172809736192,0,0,0
1414162294771159049,1414187302235033600,0,0,0
1414500538981494789,1414512695374659586,0,0,0
1415065141117390853,1415412672368099329,0,0,0
1415065141117390853,1415147072551067649,0,0,0
1414942799158554628,1423241854057951234,0,0,0
1414942799158554628,1415213288946814979,0,0,0
1414942799158554628,1415089273754341376,0,0,0
1414942799158554628,1414974828222849034,0,0,0
1414942799158554628,1414966829429280771,0,0,0
1414942799158554628,1414953637156163592,0,0,0
1414942799158554628,1414945362696196102,0,0,0
1415298180422541312,1415393337897594883,0,0,0
1415122995237068800,1418444625505828868,0,0,0
1415122995237068800,1415426336949157889,0,0,0
1415122995237068800,1415408628937416707,0,0,0
1415122995237068800,1415335591043022855,2,2,2
1415995652111208449,1415999554919575552,2,2,2
1415995652111208449,1415997002555535361,2,2,2
1416420477887827972,1460841764349259776,0,0,0
1416420477887827972,1416554408557547525,0,0,0
1416420477887827972,1416432605302566913,0,0,0
1416403448522752015,1416498886508785669,0,0,0
1416374962622013442,1416375903437955077,0,0,0
1416356469142867969,1416362836327116803,0,0,0
1416346477039923202,1416479291416666112,0,0,0
1416346477039923202,1416470685942173701,0,0,0
1416346477039923202,1416373695061311490,0,0,0
1416346477039923202,1416353771500806145,0,0,0
1416346477039923202,1416350533028356098,0,0,0
1416903066675302404,1524856227112558593,1,0,0
1416903066675302404,1416905344207540227,1,0,0
1417205378014711811,1425381766970417153,0,0,0
1417205378014711811,1417441047811137548,0,0,0
1417205378014711811,1417436140135763979,0,0,0
1417585850100199426,1417703503536001027,0,0,0
1417585850100199426,1417611624387686401,0,0,0
1417530732147322883,1417532664391864328,0,0,0
1417529990929960967,1417585248116805640,2,2,2
1417529990929960967,1417530732147322883,2,2,2
1417966260676177931,1418496428062748676,0,0,0
1417747935727661059,1417755621231824905,0,0,0
1417636872470335492,1417961230573215751,1,0,0
1418293454266937345,1418294743721816064,2,2,2
1418278237575159809,1423322928234500099,0,0,0
1418239420453564421,1418239977666842626,0,0,0
1418111808360095745,1419774425759637505,0,0,0
1418111808360095745,1419619694504513539,0,0,0
1418111808360095745,1419412854663417860,0,0,0
1418111808360095745,1419376004674502657,0,0,0
1418111808360095745,1419373949897543685,0,0,0
1418111808360095745,1419037001924452354,0,0,0
1418111808360095745,1419036484678606854,0,0,0
1418111808360095745,1419033272714203143,0,0,0
1418111808360095745,1419020347077283847,0,0,0
1418111808360095745,1419012357834084358,0,0,0
1418111808360095745,1418993988632256513,0,0,0
1418111808360095745,1418992798553022467,0,0,0
1418111808360095745,1418992127602827277,0,0,0
1418111808360095745,1418991705701945352,0,0,0
1418111808360095745,1418930588325715978,0,0,0
1418111808360095745,1418865924531277830,0,0,0
1418111808360095745,1418852028936331272,0,0,0
1418111808360095745,1418850224316030987,0,0,0
1418111808360095745,1418847370444410890,0,0,0
1418111808360095745,1418835262377975814,0,0,0
1418111808360095745,1418807195030917123,0,0,0
1418111808360095745,1418802158447833096,0,0,0
1418111808360095745,1418763727244075012,0,0,0
1418111808360095745,1418737016523665413,0,0,0
1418111808360095745,1418719398827859971,0,0,0
1418111808360095745,1418716297769234434,0,0,0
1418111808360095745,1418711012891664386,0,0,0
1418109050621997059,1418135605775671296,0,0,0
1418669197970841605,1418669855889403907,0,0,0
1418655622162272258,1418678747532861443,0,0,0
1418655622162272258,1418675473136111616,0,0,0
1418655622162272258,1418667879982063620,0,0,0
1418655622162272258,1418663975869353986,0,0,0
1418655622162272258,1418661525494042624,0,0,0
1418655622162272258,1418661074358919169,0,0,0
1418652905733857282,1418653360203440133,0,0,0
1418650288760688640,1418677228485947399,2,2,2
1418650288760688640,1418654508436135947,2,2,2
1418650288760688640,1418650800730034178,2,2,2
1418634883178631174,1418933391437729804,0,0,0
1418634883178631174,1418702375448109059,0,0,0
1418634883178631174,1418702001257517059,0,0,0
1418634883178631174,1418635082487771141,0,0,0
1418611950649593860,1419365377272918017,0,0,0
1418611950649593860,1418975984359968775,0,0,0
1418611950649593860,1418678883566694402,0,0,0
1418611950649593860,1418661196354531333,0,0,0
1418611950649593860,1418641800026263554,0,0,0
1419037670387355655,1419045492026134529,0,0,0
1419022927807324165,1419025815942189059,2,2,2
1419010676543131660,1419016841863876610,0,0,0
1418979379284226049,1418980808199708689,0,0,0
1418975984359968775,1419576761457823744,0,0,0
1418975984359968775,1419361037074247680,0,0,0
1418975984359968775,1418984497379487747,0,0,0
1418975984359968775,1418979817932955654,0,0,0
1418951739991023626,1418952337725575172,0,0,0
1418914748134051847,1418993609500672015,0,0,0
1418914748134051847,1418978617615396870,0,0,0
1418914748134051847,1418927163324211221,0,0,0
1418914748134051847,1418916715963068431,2,2,2
1418910357901529095,1419271521172955136,0,0,0
1418907160684208134,1418912572456177671,0,0,0
1419370737513771009,1419380082406264833,0,0,0
1419370737513771009,1419378896525565956,0,0,0
1419370737513771009,1419371973939957761,0,0,0
1419351340933857280,1419390141706145794,2,2,2
1419323183535206401,1419324217930227713,0,0,0
1419776383295926277,1420067622926917639,0,0,0
1419701566181883912,1420095491388358663,0,0,0
1419701566181883912,1419941771191197697,0,0,0
1419701566181883912,1419730195959922695,0,0,0
1419689300933939208,1419695672866058246,0,0,0
1419689300933939208,1419690558159826953,0,0,0
1419599397055307777,1419662223614545924,0,0,0
1419551672905371649,1419742127484018690,0,0,0
1419529701740134403,1419721408947658755,0,0,0
1419529701740134403,1419637482270887937,0,0,0
1420093868528316421,1420440665868148740,0,0,0
1420073275812728833,1420811796441702407,0,0,0
1420073275812728833,1420455409085784070,0,0,0
1420073275812728833,1420137201573240832,0,0,0
1420073275812728833,1420093630434496513,0,0,0
1420073275812728833,1420081028962603012,0,0,0
1420070850322223109,1420071857865252870,1,0,0
1420503282066337793,1420639037442953218,0,0,0
1420496471976202242,1435724176229289988,0,0,0
1420493597942681610,1420494921522352140,1,0,0
1420481806172893196,1420853050214912009,0,0,0
1420481806172893196,1420692956508459011,0,0,0
1420481372255305728,1420767728303026177,0,0,0
1420481372255305728,1420619575754907649,0,0,0
1420481372255305728,1420482609780494338,0,0,0
1420807085806194698,1420820545294188547,0,0,0
1420802256375517185,1421204371044503552,0,0,0
1420802256375517185,1421160646981345289,0,0,0
1420782127143079938,1420805782355025922,0,0,0
1421010507180515330,1421013787512131585,0,0,0
1421564494480879619,1421859828096507910,0,0,0
1421564494480879619,1421796278380421120,0,0,0
1421564494480879619,1421782314967879681,0,0,0
1421564494480879619,1421778651985727491,0,0,0
1421512396334587913,1422589863937941512,0,0,0
1421512396334587913,1422589397074157570,0,0,0
1421477598346031106,1421484577068048386,0,0,0
1421406840743735300,1421634741313409030,0,0,0
1421406840743735300,1421407650777116673,0,0,0
1421406840743735300,1421407622452948992,0,0,0
1421406840743735300,1421407350360092672,0,0,0
1421959163165487106,1422171089845821441,1,0,0
1421913450465402890,1421917821718695940,0,0,0
1421778651985727491,1421881492100239363,2,2,2
1421772066999701509,1421811076593815559,0,0,0
1421771391930675208,1421790332660944898,0,0,0
1422604580949479439,1424694498936905729,1,0,0
1422549524778831874,1424950408343080972,0,0,0
1422549524778831874,1422628214632030209,0,0,0
1422549524778831874,1422615540187729920,0,0,0
1422549524778831874,1422549735005687827,0,0,0
1422509801284702213,1422582961510223873,0,0,0
1422507537639870466,1423181863141756930,0,0,0
1422470299925237761,1422483490034094085,0,0,0
1423005124109160453,1423053478948229129,0,0,0
1422980834982866952,1423578465626959872,0,0,0
1422980834982866952,1423324393678295041,0,0,0
1422974485712543746,1424649612766367746,0,0,0
1422974485712543746,1423495022087917572,0,0,0
1422974485712543746,1423332292660023305,0,0,0
1422974485712543746,1423308767115026433,0,0,0
1422974485712543746,1423304008597491718,0,0,0
1422974485712543746,1423290225866903568,0,0,0
1422974485712543746,1423286583302647818,0,0,0
1422974485712543746,1423282671141089304,0,0,0
1422974485712543746,1423243124332171271,0,0,0
1422974485712543746,1423231444521033728,0,0,0
1422974485712543746,1423230393176711170,0,0,0
1422974485712543746,1423229990833999877,0,0,0
1422974485712543746,1423229257225052161,0,0,0
1422974485712543746,1423228722296074241,0,0,0
1422974485712543746,1423227864841920513,0,0,0
1422974485712543746,1423216599801139200,0,0,0
1422974485712543746,1423210319313346561,0,0,0
1422974485712543746,1423208998375993347,0,0,0
1422974485712543746,1423145080391716867,0,0,0
1422974485712543746,1422974888009158663,0,0,0
1422973016976265219,1422989018124406784,0,0,0
1422894860189720576,1424310644824752131,0,0,0
1422842529171521536,1422843112494338055,0,0,0
1423279970730741778,1425158938086068225,0,0,0
1423252298881544194,1423253359847485441,0,0,0
1423236249339506688,1423236723744649219,0,0,0
1423234442034876420,1423267142485651462,0,0,0
1423706088650727425,1424052758794080259,0,0,0
1423673583226732551,1424093365423931393,0,0,0
1423601860779384836,1423603280790315013,0,0,0
1424033079916630021,1424742523713605636,0,0,0
1424023786639265793,1430538405973200899,0,0,0
1424014895574659074,1424034479165919235,2,2,2
1423954892612321280,1426598572481515526,0,0,0
1423954892612321280,1424114510609145866,0,0,0
1423954892612321280,1423965352338276358,0,0,0
1424326296943927298,1424746481312051203,0,0,0
1424305785190891521,1424321325527715842,0,0,0
1424301814690811906,1424833303517990919,0,0,0
1424301814690811906,1424380954773229570,0,0,0
1424269209681416192,1424270344261623817,0,0,0
1424790551153553411,1424793369121902600,0,0,0
1424744618260893710,1424808864902483968,0,0,0
1424738839151665154,1424754548690898947,0,0,0
1424738839151665154,1424741282375684106,0,0,0
1424725456293613568,1424828887419301896,0,0,0
1424669118775562240,1424793732625358848,0,0,0
1425183333894574086,1425212071462023168,0,0,0
1425183333894574086,1425183722161201152,0,0,0
1425164441742712832,1425178731241410562,0,0,0
1425164441742712832,1425167137241448452,0,0,0
1425089134474014733,1425517844167544838,0,0,0
1425066151143477253,1425066824920715269,0,0,0
1425052415120789504,1425138660123545604,0,0,0
1425038503189139477,1425159461203857408,0,0,0
1425557080006594565,1425567783119736836,0,0,0
1425529435801985030,1425654536262275076,0,0,0
1425529435801985030,1425602178220269570,0,0,0
1425529435801985030,1425599299514216454,0,0,0
1425529435801985030,1425570111243575300,0,0,0
1425529435801985030,1425563186057650181,0,0,0
1425529435801985030,1425562369346912259,0,0,0
1425529435801985030,1425551783733178369,0,0,0
1425529435801985030,1425546407176507402,0,0,0
1425529435801985030,1425543083341529091,0,0,0
1425529435801985030,1425541250539720709,0,0,0
1425529435801985030,1425535309094309898,0,0,0
1425529435801985030,1425533611789410312,0,0,0
1425529435801985030,1425531537529966601,0,0,0
1425529435801985030,1425531004681392133,0,0,0
1425529435801985030,1425530259680768002,0,0,0
1425853459455225863,1425868575831728136,0,0,0
1425832408667000832,1425832586065195009,0,0,0
1425812759195787271,1426548569780199424,0,0,0
1425780204799250434,1425841100741386241,0,0,0
1425780204799250434,1425831851759849473,0,0,0
1426286571284803591,1426294157077794818,0,0,0
1426276867393392641,1426279498366992392,0,0,0
1426215287423111168,1428921003833532420,0,0,0
1426215287423111168,1427055086396641282,0,0,0
1426215287423111168,1426656320569085955,0,0,0
1426215287423111168,1426230968155836418,0,0,0
1426215287423111168,1426226636656193537,0,0,0
1426215287423111168,1426216950460452865,0,0,0
1426207113773207559,1426271197881413634,0,0,0
1426207113773207559,1426227953126551562,0,0,0
1426187014903324672,1426189355907964930,0,0,0
1426187014903324672,1426188432456527875,0,0,0
1426651950213369861,1430780179220156422,0,0,0
1426651950213369861,1426652905722028032,0,0,0
1426648358291136516,1442746445006835712,0,0,0
1426648358291136516,1433228899018760194,0,0,0
1426648358291136516,1429402745019240448,0,0,0
1426614142941679626,1427222442112606210,0,0,0
1426614142941679626,1427182010741710850,2,2,2
1426614142941679626,1427037482583986181,0,0,0
1426614142941679626,1426942150126747649,0,0,0
1426614142941679626,1426941505856548864,0,0,0
1426614142941679626,1426913960079630336,0,0,0
1426614142941679626,1426873859874172930,0,0,0
1426614142941679626,1426855099859677184,0,0,0
1426614142941679626,1426850782754787328,0,0,0
1426614142941679626,1426816515337244672,0,0,0
1426614142941679626,1426816059584229376,0,0,0
1426614142941679626,1426815707086458880,0,0,0
1426614142941679626,1426799148230221825,0,0,0
1426614142941679626,1426799054906957824,0,0,0
1426614142941679626,1426620672407703554,0,0,0
1426614142941679626,1426617078300258304,2,2,2
1426614142941679626,1426616971123122178,0,0,0
1426583264085565441,1426593722851004422,0,0,0
1427044421984526336,1427045735195889686,0,0,0
1427399549904166913,1427651326398406660,0,0,0
1427179533858447364,1427179781301415939,0,0,0
1427174419688996866,1437805648205520898,0,0,0
1427726639010652166,1427766537910374403,0,0,0
1427684183049125895,1428124571954290690,0,0,0
1427684183049125895,1427907992884744202,0,0,0
1427684183049125895,1427898421394935809,0,0,0
1427684183049125895,1427889711222251522,0,0,0
1427684183049125895,1427756544184262659,0,0,0
1427684183049125895,1427753284333416450,0,0,0
1427684183049125895,1427747701333049345,0,0,0
1427684183049125895,1427701238242680834,0,0,0
1427684183049125895,1427686200849092613,0,0,0
1428102505322455042,1428554129396441093,0,0,0
1428102505322455042,1428112852804591619,0,0,0
1428076418743902213,1486737360477958153,0,0,0
1428076418743902213,1461229250619625473,0,0,0
1428076418743902213,1459678950410571784,0,0,0
1428076418743902213,1437384106061582340,0,0,0
1428076418743902213,1436234827523629059,0,0,0
1428076418743902213,1434958647742894082,0,0,0
1428076418743902213,1434911632984092677,0,0,0
1428076418743902213,1434446673984593920,0,0,0
1428029456464191488,1428105332874792980,0,0,0
1428474004483018762,1428659362738982914,0,0,0
1428474004483018762,1428620349437009920,0,0,0
1428464414718664709,1428464973387272199,0,0,0
1428444845694128129,1428458996080467975,0,0,0
1428444845694128129,1428445209365471238,0,0,0
1428821033511960576,1428821503307657218,0,0,0
1428810108151214080,1428816463045988364,0,0,0
1428807364870823943,1428932200070844417,0,0,0
1429185393937821700,1429352234370965505,0,0,0
1429181736257265668,1429221879747842050,0,0,0
1429181736257265668,1429220432918495240,0,0,0
1429147360798679044,1429148941363331075,1,0,0
1429060505688289285,1429269492547325959,0,0,0
1429060505688289285,1429071021399842816,0,0,0
1429060505688289285,1429065702451949571,0,0,0
1429041295180419075,1429044692864446471,0,0,0
1429556723455508485,1429567633825882113,0,0,0
1429524641656225797,1429525572850438152,0,0,0
1429517511456866313,1429518277965983747,0,0,0
1429838753946820614,1429840140239839232,0,0,0
1429831784087367686,1430180893096923141,0,0,0
1429795854437785603,1429821168891088906,0,0,0
1429793628944322568,1429854847260581894,0,0,0
1430145732271558661,1431511194674806784,0,0,0
1430145732271558661,1430542503908888580,0,0,0
1430145732271558661,1430542103118073860,0,0,0
1430140275758977036,1430162167538532353,0,0,0
1430636603446333441,1431572876818358272,0,0,0
1430609446464598027,1430945886595649538,0,0,0
1431006750342266886,1431571098605395968,0,0,0
1431006750342266886,1431312233477386251,0,0,0
1431006750342266886,1431188354587037697,0,0,0
1431006750342266886,1431040449872023554,0,0,0
1430997537083826176,1431024632031744003,0,0,0
1430976314023059457,1431946374858346496,0,0,0
1430976314023059457,1431268074011996160,0,0,0
1430976314023059457,1431028402715234304,0,0,0
1431345408106708996,1431417125005037573,0,0,0
1431345408106708996,1431352849221443586,2,2,2
1431321941571407880,1431950590209372161,2,2,2
1431321941571407880,1431717493324853257,2,2,2
1431321941571407880,1431610313762381827,0,0,0
1431321941571407880,1431601615111442436,2,2,2
1431321941571407880,1431592833673224201,2,2,2
1431321941571407880,1431584004680060931,2,2,2
1431321941571407880,1431513744056664064,2,2,2
1431321941571407880,1431483179723067394,0,0,0
1431321941571407880,1431333066128171008,2,2,2
1431283105243992068,1431286222694006785,0,0,0
1431264177440624641,1431264595457490944,0,0,0
1431264177440624641,1431264424531218437,0,0,0
1431248600164716546,1431845534772482050,0,0,0
1431760145391005696,1431761792506679297,0,0,0
1431588915769643009,1431598651999150080,0,0,0
1431582949967867908,1431584480238743555,0,0,0
1431568678282219521,1431587499449671685,0,0,0
1431568678282219521,1431569372422737923,0,0,0
1431565161798774784,1431615253993906178,0,0,0
1431551612502282244,1431552377623130116,0,0,0
1432110014332813314,1432351377439838215,0,0,0
1432081330498646028,1432088117473955848,0,0,0
1431955486211969026,1431961690216845319,0,0,0
1431942494737076229,1432180807628726272,0,0,0
1431942494737076229,1432018150900436998,0,0,0
1431843361799999493,1431891953403240448,0,0,0
1431839335670820865,1489127127605776387,0,0,0
1431839335670820865,1488958665637908484,0,0,0
1431839335670820865,1488892265737117696,0,0,0
1432394108002258949,1432394741350604808,0,0,0
1432385657456889858,1432457962199597060,2,2,2
1432349522336833536,1433013794784022533,0,0,0
1432326156557168646,1432757783984807938,0,0,0
1432326156557168646,1432388277546459138,0,0,0
1432326156557168646,1432327187542298626,0,0,0
1432279596217606147,1432285391743332355,0,0,0
1432279596217606147,1432284746218868738,0,0,0
1432279596217606147,1432284333621063680,0,0,0
1432272156256313348,1432285474169704453,0,0,0
1432821567189311489,1434174722753941505,0,0,0
1432821567189311489,1433187565465636867,0,0,0
1432756442029768708,1432761445335240712,0,0,0
1432704311092563989,1432704696288956417,0,0,0
1432643057246216193,1432644702977810433,0,0,0
1432643057246216193,1432643690300850177,0,0,0
1432628690161131521,1432737724990169089,0,0,0
1433180299467296768,1557774327176695809,0,0,0
1433171551935938563,1433182602928795650,2,2,2
1433167222193655816,1433464738294419461,0,0,0
1433167222193655816,1433464249054072839,0,0,0
1433165535668224014,1433327866238881793,0,0,0
1433134980587311108,1433154336725651456,0,0,0
1433115258458148868,1433117299393839104,0,0,0
1433115258458148868,1433115674302418947,0,0,0
1433558179137277956,1433713169080410112,0,0,0
1433558179137277956,1433696947261644800,0,0,0
1433550772352978944,1433882284848041986,0,0,0
1433550772352978944,1433795465934430216,0,0,0
1433550772352978944,1433678259271741467,0,0,0
1433550772352978944,1433652284756570129,0,0,0
1433550772352978944,1433562903987122179,0,0,0
1433935059715756038,1433936304820137990,0,0,0
1433812437342490631,1433925436199817218,0,0,0
1433812437342490631,1433912448185249793,0,0,0
1433812437342490631,1433813083055591444,0,0,0
1434216285206990851,1434483981395939328,0,0,0
1434216285206990851,1434408906495860737,0,0,0
1434216285206990851,1434262445732814854,0,0,0
1434151199364747264,1434615998510944256,0,0,0
1434582976763944960,1434846629748789253,2,2,2
1434582976763944960,1434613788225966088,0,0,0
1434582976763944960,1434586891848978437,0,0,0
1434582533556117504,1434838010965774337,0,0,0
1434582533556117504,1434592528335089671,0,0,0
1434576932537044992,1434592113975517185,0,0,0
1434973935666442248,1435164554875523075,0,0,0
1434942750097616897,1435093338949042177,0,0,0
1434942456362110979,1435579810009559044,0,0,0
1434935059480522752,1435638022670667782,0,0,0
1434935059480522752,1434935224845090824,0,0,0
1435340217121181699,1435342056239607816,0,0,0
1435318791601274889,1435324578218266627,0,0,0
1435716191314644996,1435729854465462275,0,0,0
1435693832977489924,1435700105915604998,0,0,0
1435657481808719877,1435682420423106562,0,0,0
1435657481808719877,1435668794895216643,0,0,0
1435598925533167620,1435626990107860998,0,0,0
1436071288737521664,1436087772209627137,0,0,0
1435961697844432897,1436068275004362753,0,0,0
1435961697844432897,1435979891162374144,0,0,0
1436318228528181291,1436385656066949125,0,0,0
1436303079117295617,1436304549678039045,0,0,0
1436303079117295617,1436304174589915138,0,0,0
1436300281235582994,1436350523314221057,0,0,0
1436823519061495809,1437091870245625859,0,0,0
1436804122741776385,1436903053953847300,0,0,0
1436780691438637057,1481257138685108229,0,0,0
1436780691438637057,1480952925228875779,0,0,0
1436780691438637057,1480948396785610753,0,0,0
1436780691438637057,1480947730117767169,0,0,0
1436780691438637057,1436787802629451779,0,0,0
1436780691438637057,1436781443032748037,0,0,0
1436777590216351749,1436777797356249088,2,2,2
1437107195561271302,1437132317269561347,0,0,0
1437063684094930946,1613236300794007558,0,0,0
1437063684094930946,1613226432049577984,0,0,0
1437063684094930946,1476477490268971010,0,0,0
1437063684094930946,1476459847411539968,0,0,0
1437063684094930946,1454199243279831040,0,0,0
1437041851547234308,1437052599233130499,0,0,0
1437037245052108807,1437308179810033668,0,0,0
1437024379137937408,1437188673888473096,0,0,0
1437024379137937408,1437093244505100295,0,0,0
1436981056817795075,1437281781900845056,0,0,0
1436981056817795075,1437217239875395586,0,0,0
1437499813822619650,1440898886848192513,0,0,0
1437496907144777734,1437751649230065664,0,0,0
1437496907144777734,1437533512970772481,0,0,0
1437496907144777734,1437517352820744195,0,0,0
1437496907144777734,1437498168728559620,0,0,0
1437476062410252288,1438053350692605959,0,0,0
1437459514463244293,1437473021900599306,0,0,0
1437459514463244293,1437471957700825090,0,0,0
1437400555358494720,1437403922247868420,0,0,0
1437378308157624326,1437616869649879047,0,0,0
1437378308157624326,1437382403975172097,0,0,0
1437901310045691904,1437905140116344834,0,0,0
1437898982601236483,1438373818670751746,0,0,0
1437898982601236483,1437899560572030976,0,0,0
1437876425797812227,1438031617155600385,0,0,0
1437876425797812227,1438031305669816322,0,0,0
1437835280036376590,1437837096862035969,0,0,0
1437835280036376590,1437836952527589389,0,0,0
1437832433953644544,1437834431381884929,0,0,0
1437710537178193924,1450866937907621895,0,0,0
1437684201948696579,1437687448264380417,0,0,0
1438213960034050049,1438215199824171017,0,0,0
1438124142692343812,1438142936697409538,0,0,0
1438026863033597952,1438035858720952323,0,0,0
1438026863033597952,1438027979335012357,0,0,0
1438555580126437388,1441508596378968064,0,0,0
1438442781027016705,1438547112963231747,0,0,0
1438442781027016705,1438528697208770561,0,0,0
1438442781027016705,1438444866036457472,0,0,0
1438433871943589888,1438436652897247232,0,0,0
1438425065109000194,1438465168162402304,0,0,0
1438960473106489344,1438965390961434632,0,0,0
1438903808705323008,1438909492054343683,0,0,0
1438903808705323008,1438909378128666625,0,0,0
1439282849987895303,1439892028284940292,0,0,0
1439282849987895303,1439879041775980544,0,0,0
1439264589749817353,1440948574401990658,0,0,0
1439264589749817353,1439580033165766656,0,0,0
1439229758273884162,1439231067857330187,0,0,0
1439717248025964551,1439731350513360897,0,0,0
1439464931448008708,1439573720465612802,0,0,0
1440052785165193219,1473738874446921738,0,0,0
1440052785165193219,1463070986790653961,0,0,0
1440052785165193219,1463027970495426562,0,0,0
1440052785165193219,1462924723638181890,0,0,0
1440052785165193219,1462918734826418185,0,0,0
1440052785165193219,1443960477575487500,0,0,0
1440052785165193219,1441562272455794695,0,0,0
1440052785165193219,1440760722292555779,0,0,0
1440052785165193219,1440633339778461707,0,0,0
1440052785165193219,1440630606778421260,0,0,0
1440052785165193219,1440625849397506052,2,2,2
1440052785165193219,1440624521468276746,0,0,0
1440052785165193219,1440624415159373827,0,0,0
1440052785165193219,1440621940528455700,0,0,0
1440052785165193219,1440620430717452295,0,0,0
1440052785165193219,1440620069206196236,2,2,2
1440052785165193219,1440618105391120394,0,0,0
1440052785165193219,1440616704741023751,0,0,0
1440052785165193219,1440129492257705987,0,0,0
1440038033856679942,1440054801518108684,0,0,0
1440359758246993923,1532635434542673920,0,0,0
1440359758246993923,1440603921102168072,0,0,0
1440359758246993923,1440568833597530115,0,0,0
1440359758246993923,1440552578970886155,0,0,0
1440359758246993923,1440441776418951171,2,2,2
1440359758246993923,1440410799382564870,0,0,0
1440359758246993923,1440370944808144896,0,0,0
1440784633486974976,1441052888692895751,0,0,0
1440640432715681792,1440685979270934541,0,0,0
1441117585286725638,1441186140095016970,0,0,0
1441097224931332101,1441098217928552455,0,0,0
1441092074724417544,1441092687214481413,0,0,0
1440983184838168579,1441052139300823044,0,0,0
1441527944627769345,1441889929273823232,0,0,0
1441505910472392706,1441506579090608128,0,0,0
1441908670359613441,1441926469060632577,0,0,0
1441908670359613441,1441910793663127556,0,0,0
1441836190378958849,1441849338678837250,0,0,0
1441786002931126273,1441885167338102795,0,0,0
1441710590448136201,1441712330576777224,0,0,0
1441705373086494720,1449698137308811269,0,0,0
1441705373086494720,1442961840036663298,0,0,0
1441632846326681600,1441850967545286660,0,0,0
1442208377774518272,1442209208628252674,0,0,0
1442173766763700224,1442179510896455687,0,0,0
1442173766763700224,1442175235063615490,0,0,0
1442448500944302084,1442555203862122496,1,0,0
1442966772903133195,1443097996783194114,0,0,0
1442964335777746944,1443087902091747328,0,0,0
1442953189393793024,1443310842959826945,0,0,0
1442953189393793024,1443272892830081027,0,0,0
1442953189393793024,1443253767701413898,0,0,0
1442953189393793024,1443252800402644996,0,0,0
1442953189393793024,1443252457069555729,0,0,0
1442953189393793024,1443247881243275264,0,0,0
1442953189393793024,1443102474529869825,0,0,0
1442953189393793024,1443088819260174337,0,0,0
1442953189393793024,1443071512140029957,0,0,0
1442953189393793024,1443059676678131718,0,0,0
1442953189393793024,1442984987498885120,0,0,0
1442953189393793024,1442967489323802641,0,0,0
1442953189393793024,1442962035378167808,0,0,0
1442953189393793024,1442958622384787458,0,0,0
1442953189393793024,1442956457356320774,0,0,0
1442953189393793024,1442956419700084738,0,0,0
1442953189393793024,1442954637531770883,0,0,0
1442946524896325635,1443094186224402432,0,0,0
1442946524896325635,1442963742095028224,0,0,0
1442945588442513410,1443117873002651649,0,0,0
1442923471818792960,1442938404484780044,0,0,0
1442923471818792960,1442935019572383745,0,0,0
1442860075312242693,1443134852031827968,0,0,0
1442785060101447680,1444602142422147075,0,0,0
1442717858333609992,1442775231307960321,0,0,0
1442717858333609992,1442728673648463872,0,0,0
1443336338347073541,1443555469629472773,1,0,0
1443336338347073541,1443538806943141888,1,0,0
1443302088612761610,1443310828430704640,0,0,0
1443276711085363206,1443601211056435205,0,0,0
1443276711085363206,1443440519049318402,0,0,0
1443276711085363206,1443438653762686976,0,0,0
1443276711085363206,1443298511295025154,0,0,0
1443276711085363206,1443291934559199245,0,0,0
1443276711085363206,1443291011321671685,0,0,0
1443248626030030856,1443253089528655874,0,0,0
1443241737074397186,1443278004235423744,0,0,0
1443492915309858817,1443495252254461954,0,0,0
1443492915309858817,1443494270883794948,0,0,0
1443466423922302984,1443565920220291077,0,0,0
1443466423922302984,1443503444464123907,0,0,0
1443448512826552322,1443459240937590788,0,0,0
1443960475364982789,1443961084109590532,0,0,0
1443916232378527746,1443918553741156356,0,0,0
1443861109790871552,1444026786812157953,0,0,0
1443859922807046147,1444027276220420102,0,0,0
1443855520079679488,1443864787369201664,0,0,0
1444223498784813060,1444253255928795141,0,0,0
1444139558174609410,1444615552220213248,0,0,0
1444139558174609410,1444309485191901186,0,0,0
1444139558174609410,1444225449350025220,0,0,0
1444792867571044352,1445095091295621126,0,0,0
1444792867571044352,1445085785846394882,0,0,0
1444792867571044352,1444960347287396353,0,0,0
1444792867571044352,1444914446334320642,0,0,0
1444792867571044352,1444913096301101057,0,0,0
1444747758359941128,1444963345526890498,0,0,0
1444747758359941128,1444756069683765252,0,0,0
1445013920687828993,1446747417089560579,0,0,0
1445013920687828993,1445310652294311936,0,0,0
1445013920687828993,1445307380422619137,0,0,0
1445013920687828993,1445271197101531136,0,0,0
1445013920687828993,1445242344903741441,0,0,0
1445013920687828993,1445208540566728706,0,0,0
1445013920687828993,1445133101152223239,0,0,0
1445013920687828993,1445081379088355333,0,0,0
1445013920687828993,1445078287399759873,0,0,0
1445013920687828993,1445076218060148742,0,0,0
1445013920687828993,1445071994928697367,0,0,0
1445013920687828993,1445057450508435456,0,0,0
1445013920687828993,1445056747551535118,0,0,0
1445733397310046221,1445733949200797696,0,0,0
1445958743523528704,1446032662259552257,0,0,0
1446761004310925322,1446764616537804803,0,0,0
1447293911672762371,1447610802152820738,0,0,0
1447293911672762371,1447598783559315464,0,0,0
1447291807759482885,1447295473098821638,0,0,0
1447641620455768064,1448278338972393474,0,0,0
1447641620455768064,1447805267983454209,0,0,0
1447641620455768064,1447657474627096578,0,0,0
1447607924235329536,1447609483509837824,1,0,0
1448035470861127680,1448135031608676362,0,0,0
1448035470861127680,1448067123209719814,0,0,0
1448947914647146511,1449800875266949120,0,0,0
1449840964550463490,1449843034091294732,0,0,0
1449818444317315077,1450259635240415238,0,0,0
1449818444317315077,1449849491889217536,0,0,0
1449818444317315077,1449823126599184384,0,0,0
1449818444317315077,1449819840349417476,0,0,0
1449720463547113480,1449967767847948288,0,0,0
1450221105327886337,1450233752207114243,0,0,0
1450141975554953225,1450526028867194883,0,0,0
1450141975554953225,1450524239203868680,0,0,0
1450141975554953225,1450439089807888391,0,0,0
1450141975554953225,1450348846530301952,0,0,0
1450141975554953225,1450348077148221445,0,0,0
1450141975554953225,1450190482630447119,0,0,0
1450141975554953225,1450180173844865041,0,0,0
1450141975554953225,1450172205204221959,2,2,2
1450109250588532738,1450131681734692878,1,0,0
1450887634738454542,1451045285216628738,0,0,0
1450887634738454542,1451044143984254979,0,0,0
1450887634738454542,1450916561280249856,0,0,0
1450721082877616130,1450770144104488960,0,0,0
1450710940148813826,1451057595935076353,2,2,2
1451600809414832129,1451781757926322179,0,0,0
1451600809414832129,1451776534642110467,2,2,2
1451956293586071554,1452167084834795525,0,0,0
1451956293586071554,1451992364931862532,0,0,0
1451956293586071554,1451985445735251974,0,0,0
1452310874593665029,1452311797135028248,1,0,0
1452205450691325963,1452211797482774531,0,0,0
1452933739336585216,1452937923595325441,0,0,0
1453242520813678597,1453706418079551492,0,0,0
1453242520813678597,1453270137939845137,0,0,0
1453768379639242759,1453776377585586178,0,0,0
1454039647311511556,1456972243536338949,1,0,0
1454360718984327171,1454491124081610752,0,0,0
1454793143761752066,1454795746570608640,0,0,0
1455640556667813889,1455646815282515972,0,0,0
1455620770483294221,1455628599713832970,0,0,0
1455414539223244801,1455547678289502219,0,0,0
1455414539223244801,1455489840955416578,0,0,0
1455974671363497999,1456283869892816902,0,0,0
1455974671363497999,1456152307666665473,0,0,0
1455849545355628550,1471158481403228169,0,0,0
1455849545355628550,1456688197723951115,0,0,0
1455849545355628550,1456290352902594563,0,0,0
1455849545355628550,1456242878225817606,0,0,0
1455849545355628550,1455947962668961801,0,0,0
1455849545355628550,1455898816025178112,0,0,0
1456335190406598665,1456488153242603521,0,0,0
1457359476244291585,1457360665816010764,0,0,0
1457710790849568768,1458055437274783744,0,0,0
1457710790849568768,1457863476836188163,0,0,0
1457710790849568768,1457817150744416257,0,0,0
1457710790849568768,1457777011531808770,0,0,0
1458114869392203783,1458122525678911495,0,0,0
1458058048300269572,1458168392163237888,0,0,0
1458048363648241664,1458083948077146113,0,0,0
1458048363648241664,1458083015410790407,1,0,0
1458048363648241664,1458080740910960656,0,0,0
1458767765662273542,1459079753965748224,0,0,0
1458767765662273542,1458821645699792899,0,0,0
1458767765662273542,1458794109343313920,0,0,0
1458767765662273542,1458779638369509380,0,0,0
1459111054898774026,1485456170961838084,0,0,0
1459111054898774026,1461299161014456329,0,0,0
1459111054898774026,1461106988536971265,0,0,0
1459111054898774026,1461063013973299206,0,0,0
1459111054898774026,1460967528579088390,0,0,0
1459111054898774026,1460329081791303681,2,2,2
1459111054898774026,1460143450049982469,0,0,0
1459111054898774026,1459932910656577540,0,0,0
1459111054898774026,1459879795110645764,0,0,0
1459111054898774026,1459485627058167814,0,0,0
1459111054898774026,1459403788356308992,0,0,0
1459111054898774026,1459379706743173128,0,0,0
1459111054898774026,1459348047582969859,0,0,0
1459111054898774026,1459314526969602048,0,0,0
1459111054898774026,1459279551335477252,0,0,0
1459111054898774026,1459274257352073229,0,0,0
1459111054898774026,1459252640341188608,0,0,0
1459111054898774026,1459246967184400389,0,0,0
1459111054898774026,1459245912694444047,0,0,0
1459111054898774026,1459236582305714176,0,0,0
1459111054898774026,1459224787545432065,0,0,0
1459111054898774026,1459218398056009739,0,0,0
1459111054898774026,1459204536141328389,0,0,0
1459111054898774026,1459198356471918595,2,2,2
1459111054898774026,1459197802047811589,2,2,2
1459111054898774026,1459168155239129088,2,2,2
1459111054898774026,1459165852029399040,0,0,0
1459111054898774026,1459163028939804681,0,0,0
1459111054898774026,1459159550653837315,0,0,0
1459111054898774026,1459152215172653059,0,0,0
1459111054898774026,1459112680803942402,0,0,0
1459484289003831305,1459492252028391432,0,0,0
1459459145804001282,1461677634715332619,0,0,0
1459916371056336910,1460218407907905542,0,0,0
1459877325080776708,1460237519631663107,0,0,0
1459877325080776708,1460210073486209029,2,2,2
1459877325080776708,1459915165093216261,0,0,0
1459877325080776708,1459884919656747013,0,0,0
1459877325080776708,1459882649120645123,0,0,0
1459814740973207553,1459861161411846145,1,0,0
1459753726856638465,1593947639904600065,0,0,0
1459753726856638465,1581003316552531968,0,0,0
1460264611484217349,1580194168227319808,0,0,0
1460264611484217349,1580103684184104961,0,0,0
1460264611484217349,1460620129344143366,0,0,0
1460264611484217349,1460458702453059587,0,0,0
1460264611484217349,1460353737373978631,0,0,0
1460264611484217349,1460330641682223116,0,0,0
1460264611484217349,1460317362809413632,0,0,0
1460264611484217349,1460316461101105152,0,0,0
1460264611484217349,1460274871171268610,0,0,0
1460264611484217349,1460268390669508612,0,0,0
1461418881059332096,1461668580064481284,0,0,0
1461281397595852802,1463856338405150726,0,0,0
1461553501931192322,1461728900875173895,0,0,0
1461553501931192322,1461559761141383169,2,2,2
1462158643021942796,1462369898110324739,0,0,0
1462038677945737229,1462408621615206405,0,0,0
1461971889547624451,1462051124366696453,0,0,0
1461971889547624451,1462049803765010433,0,0,0
1461971889547624451,1461976584580173827,2,2,2
1461967797945352207,1462271574644506628,0,0,0
1461967797945352207,1461975090871119878,1,0,0
1462506370507366408,1462509998530080772,0,0,0
1462346005056217088,1462352835740327936,0,0,0
1462346005056217088,1462348754523152384,0,0,0
1462918734826418185,1462920028882456581,0,0,0
1462908723014291459,1462916032688013317,0,0,0
1462904844356829190,1462939609088811019,0,0,0
1462904844356829190,1462905201933922304,0,0,0
1462904844356829190,1462905140550242306,0,0,0
1462891178995638274,1463207438291812353,0,0,0
1462891178995638274,1463134995837509632,0,0,0
1462891178995638274,1463130246924980233,0,0,0
1462891178995638274,1463105387381600256,0,0,0
1462891178995638274,1463081403730571264,0,0,0
1462891178995638274,1463034371829641217,0,0,0
1462891178995638274,1463008798952546308,0,0,0
1462815689517977606,1463130299571843072,0,0,0
1462815689517977606,1463068440873345024,0,0,0
1462815689517977606,1463046995531247616,0,0,0
1462815689517977606,1462915638859644932,0,0,0
1462815689517977606,1462862728880611329,0,0,0
1462815689517977606,1462831200071000066,1,0,0
1462815689517977606,1462817683259461633,0,0,0
1462815689517977606,1462816249340116993,0,0,0
1463433112428466177,1463589626418012161,0,0,0
1463433112428466177,1463542986051047435,1,0,0
1463433112428466177,1463527550559342604,0,0,0
1463433112428466177,1463478795751641091,0,0,0
1463433112428466177,1463446780994109441,0,0,0
1464709337151164427,1464712075926777859,0,0,0
1464619774340743170,1464642491081281537,0,0,0
1465055751529975812,1465278209415655424,1,0,0
1465055751529975812,1465277528902451203,0,0,0
1465038558465568773,1465173776958693382,0,0,0
1465348030899626005,1593908281696714752,0,0,0
1465634411152617480,1465723989712642054,0,0,0
1466493382025523200,1580244570461196289,0,0,0
1466460657243598852,1466627774689558528,0,0,0
1467455791284293646,1467570126279127041,0,0,0
1467455791284293646,1467498048515416072,0,0,0
1468268800525029378,1468348176520425480,2,2,2
1468260615743578116,1468262663448846340,0,0,0
1468230684770770946,1468236153111433227,0,0,0
1468230684770770946,1468235511882035204,0,0,0
1468651883262787587,1468672818049126407,0,0,0
1469041636374102018,1469042989288804360,0,0,0
1468848890401202177,1468865579390017538,0,0,0
1470312248082145280,1470312489745326083,0,0,0
1471531133544374274,1471531791181885440,0,0,0
1471872110356221961,1472245228388032513,0,0,0
1471872110356221961,1472058941093916672,0,0,0
1471872110356221961,1471891546610053129,0,0,0
1471872110356221961,1471885411303759891,0,0,0
1471872110356221961,1471881629908054026,0,0,0
1471731321714229249,1471770602348457989,0,0,0
1472243244738174981,1472535565564321795,0,0,0
1472243244738174981,1472336438679191560,0,0,0
1472243244738174981,1472326350052724741,0,0,0
1472243244738174981,1472316522492268547,0,0,0
1472243244738174981,1472305013477318658,0,0,0
1472243244738174981,1472296754536194049,0,0,0
1472243244738174981,1472284067597008896,0,0,0
1472115917463109633,1472162671051296769,1,0,0
1472952246178570242,1473047990688493570,0,0,0
1472952246178570242,1473010933475721223,0,0,0
1472952246178570242,1472974672262316034,0,0,0
1473380951317229573,1473384117391839247,0,0,0
1473168620507344900,1475071317166669833,0,0,0
1473168620507344900,1473563022664810497,0,0,0
1473168620507344900,1473170627041259526,0,0,0
1473598316306833409,1473765259253006340,0,0,0
1474737254337851403,1474739688707702790,0,0,0
1474704368893050881,1474885709697794052,2,2,2
1476126724739981318,1476137904967757824,2,2,2
1476126724739981318,1476130768762163203,0,0,0
1476521286549622786,1476872356249452544,0,0,0
1476514709549551616,1481761430705684485,0,0,0
1476514709549551616,1477416191593435136,0,0,0
1476514709549551616,1477142111535472641,0,0,0
1476514709549551616,1476932395832127488,0,0,0
1476514709549551616,1476905902049574912,0,0,0
1476514709549551616,1476901004570415108,0,0,0
1476514709549551616,1476886880645955595,0,0,0
1476514709549551616,1476876297381236747,0,0,0
1476514709549551616,1476865325111066624,0,0,0
1476514709549551616,1476861613235970052,0,0,0
1476514709549551616,1476860445831188480,0,0,0
1476514709549551616,1476832826804916247,0,0,0
1476514709549551616,1476829321415249922,0,0,0
1476514709549551616,1476821009680502787,0,0,0
1476514709549551616,1476805648239190045,0,0,0
1476514709549551616,1476804882325811201,0,0,0
1476514709549551616,1476803115181563913,0,0,0
1476514709549551616,1476784391238176769,0,0,0
1476514709549551616,1476776371703668736,0,0,0
1476514709549551616,1476773834892193806,0,0,0
1476514709549551616,1476771425642065920,0,0,0
1476514709549551616,1476715653453262848,0,0,0
1476514709549551616,1476712987838799872,0,0,0
1476514709549551616,1476710149129650177,0,0,0
1476514709549551616,1476659993986449408,0,0,0
1476514709549551616,1476659786657771529,0,0,0
1476514709549551616,1476658047623876608,0,0,0
1476514709549551616,1476649051718311938,0,0,0
1476514709549551616,1476648284072591361,0,0,0
1476514709549551616,1476635804537606155,0,0,0
1476514709549551616,1476607538011557888,0,0,0
1476514709549551616,1476606061033496579,0,0,0
1476514709549551616,1476602727476215809,0,0,0
1476514709549551616,1476597030269161472,0,0,0
1476514709549551616,1476590883105652737,0,0,0
1476514709549551616,1476568881783259143,0,0,0
1476514709549551616,1476564550619213834,0,0,0
1476497588740411392,1477262119678664708,0,0,0
1476497588740411392,1476907977911246849,0,0,0
1476497588740411392,1476742268912644099,0,0,0
1476497588740411392,1476644210342346754,0,0,0
1476497588740411392,1476643762201890824,0,0,0
1476497588740411392,1476641853156081664,0,0,0
1476497588740411392,1476630690330517514,0,0,0
1476497588740411392,1476592745997381633,0,0,0
1476497469177573378,1476568229762015237,0,0,0
1476488713588858883,1476885206963474432,0,0,0
1476488713588858883,1476655558459539457,0,0,0
1476488713588858883,1476499619278475269,0,0,0
1476881236740161541,1476882938071506946,0,0,0
1478062161058533383,1478277440816533508,0,0,0
1478322916467040257,1478443337493450757,0,0,0
1478322916467040257,1478331013357092866,1,0,0
1478838770409656322,1478855749128364037,0,0,0
1478833003761709058,1479144737147965447,0,0,0
1478833003761709058,1479021582148374530,0,0,0
1478815724042915850,1478821329709289472,0,0,0
1478644479678873600,1478666683061518337,2,2,2
1479220595900432388,1479470564733501445,0,0,0
1479219301089484804,1479219957355405313,0,0,0
1479058040477388802,1479198741345275904,0,0,0
1479051403452563457,1482798520293806089,0,0,0
1479051403452563457,1479708316775424000,0,0,0
1479051403452563457,1479614495257473024,0,0,0
1479051403452563457,1479499021429485574,0,0,0
1479051403452563457,1479171651522764805,0,0,0
1479051403452563457,1479119335947866128,0,0,0
1479051403452563457,1479079152028459012,0,0,0
1478945218187702276,1478952876391251969,0,0,0
1479362520594976769,1479362847826137092,0,0,0
1479836988547215360,1479876099492528132,0,0,0
1479766949001375744,1479769300273614855,0,0,0
1479734222856331268,1479797286599286785,0,0,0
1479734222856331268,1479736340837277696,0,0,0
1480156516074377219,1480457886170025986,0,0,0
1480108963983155204,1480120852859523073,0,0,0
1480648864176742400,1480654691587481606,0,0,0
1480832397939781632,1480847589155168260,0,0,0
1480832397939781632,1480842794667282434,0,0,0
1480832397939781632,1480835160560046080,0,0,0
1481320151802945540,1481321082024079361,0,0,0
1481900148829696002,1481941926001758213,0,0,0
1482456811185877000,1482582854194376705,0,0,0
1482427823855915013,1482702954826248192,0,0,0
1482396186069852160,1482402954833453057,0,0,0
1482392205566296075,1482422036332953606,0,0,0
1482335745755000832,1482359728227459078,0,0,0
1482306380577095681,1482732865557348354,0,0,0
1482827664801124357,1482999379011190786,0,0,0
1482789571599474695,1483088667589713920,0,0,0
1482789571599474695,1482809729814757379,0,0,0
1482789571599474695,1482791406313824257,0,0,0
1482782116073152516,1482784106027044869,0,0,0
1482748683003310084,1606714711772381187,0,0,0
1482748683003310084,1565933153193263111,0,0,0
1482740719148224513,1482755569865961476,0,0,0
1482740719148224513,1482743108588691465,0,0,0
1482740286099017737,1482769979044995078,0,0,0
1482713454637105159,1482728994617401349,0,0,0
1482697561165209606,1483443248668581894,0,0,0
1482697561165209606,1483404212738445313,0,0,0
1482697561165209606,1483392408415047682,0,0,0
1482697561165209606,1483373257659228160,0,0,0
1482697561165209606,1483368083242815491,0,0,0
1482697561165209606,1483293573814575106,0,0,0
1482697561165209606,1483239761808662530,0,0,0
1482697561165209606,1483212126235906048,0,0,0
1482697561165209606,1483204725264822274,0,0,0
1482697561165209606,1483158336220680192,0,0,0
1482697561165209606,1483122254472957952,0,0,0
1482697561165209606,1483119217968881664,0,0,0
1482697561165209606,1483105131239514118,0,0,0
1482697561165209606,1483098667053686784,0,0,0
1482697561165209606,1483092303501799433,0,0,0
1482697561165209606,1483074550887862272,0,0,0
1482697561165209606,1483065465329131525,0,0,0
1482697561165209606,1483031314278363144,0,0,0
1482697561165209606,1483027062176858115,0,0,0
1482697561165209606,1483003809781760001,0,0,0
1482697561165209606,1482837136953028618,0,0,0
1482697561165209606,1482820814651150344,0,0,0
1482697561165209606,1482798452530724866,0,0,0
1482697561165209606,1482746961518280704,0,0,0
1482694943944626180,1483014175974899715,0,0,0
1482694943944626180,1482714127986577408,0,0,0
1482694943944626180,1482709499148488705,0,0,0
1482694943944626180,1482703786447712259,0,0,0
1482694943944626180,1482696753342205953,0,0,0
1482694943944626180,1482696538543607808,0,0,0
1482694943944626180,1482695265773662213,0,0,0
1482634954236387328,1482653343113699330,0,0,0
1483121497124311042,1483124645909958658,0,0,0
1483034007772311553,1483036596987441156,0,0,0
1484126180555042819,1599844367195594753,0,0,0
1484126180555042819,1599841480159305729,0,0,0
1485309841124081665,1485687977514831877,0,0,0
1486104927747420163,1486295301262565377,0,0,0
1486104927747420163,1486105628728770563,0,0,0
1486087487206445057,1486243116365623298,0,0,0
1486034641706442757,1490781924213800960,0,0,0
1486010602002726912,1486011801015885827,0,0,0
1486816497431465986,1486820214381723653,0,0,0
1486743511424774144,1486749225132204034,0,0,0
1487794994756861959,1488109022616207363,0,0,0
1487794994756861959,1488030905671340035,0,0,0
1487794994756861959,1487877922002243589,0,0,0
1487794994756861959,1487856967284580359,0,0,0
1487794994756861959,1487833126579712011,0,0,0
1487794994756861959,1487832534771814407,0,0,0
1488173552809484291,1488207490718253063,0,0,0
1488173552809484291,1488202162928865282,0,0,0
1488173552809484291,1488184960200679430,0,0,0
1488934044159070208,1489732282059530240,0,0,0
1488934044159070208,1488951514655821831,0,0,0
1488934044159070208,1488946762295488523,0,0,0
1488821829699522560,1488822068867215362,0,0,0
1490054974457405444,1490062281945792516,0,0,0
1490019407598346240,1490020762480164866,0,0,0
1490309438388985858,1490311095990599683,0,0,0
1490309438388985858,1490311014893686788,0,0,0
1490657314759716874,1493831539729346560,0,0,0
1490657314759716874,1490702447957925890,0,0,0
1490944372673855490,1490944643030458368,0,0,0
1491546852315041797,1491671989618106369,0,0,0
1491364747446714372,1491525554423705600,0,0,0
1491364747446714372,1491519682175807489,0,0,0
1491364747446714372,1491502644371861506,0,0,0
1491364747446714372,1491412695245266944,0,0,0
1491359047626280960,1494785833110495234,0,0,0
1491359047626280960,1492798867221487616,0,0,0
1491359047626280960,1492558314860859392,0,0,0
1491359047626280960,1492557729176723459,0,0,0
1491359047626280960,1492165358056349701,0,0,0
1491359047626280960,1492159273819856900,0,0,0
1491359047626280960,1492159138083844100,0,0,0
1491359047626280960,1492123030121766916,0,0,0
1491359047626280960,1492049008042328064,0,0,0
1491359047626280960,1492035372041347075,0,0,0
1491359047626280960,1492026221751902236,0,0,0
1491359047626280960,1491978868491800606,2,2,2
1491359047626280960,1491968918545698817,0,0,0
1491359047626280960,1491963752534663171,0,0,0
1491359047626280960,1491953349117231105,0,0,0
1491359047626280960,1491906964129030145,0,0,0
1491359047626280960,1491894169987698694,0,0,0
1491359047626280960,1491881310465544195,0,0,0
1491359047626280960,1491874975619457028,0,0,0
1491359047626280960,1491861498955808771,0,0,0
1491359047626280960,1491855186301800450,0,0,0
1491359047626280960,1491851252497584130,0,0,0
1491359047626280960,1491846725224517644,0,0,0
1491359047626280960,1491846275268059138,0,0,0
1491359047626280960,1491845106877415424,0,0,0
1491359047626280960,1491844882654236672,0,0,0
1491359047626280960,1491832626612682752,0,0,0
1491359047626280960,1491832217219260419,0,0,0
1491359047626280960,1491832127377362946,0,0,0
1491359047626280960,1491831563557998595,0,0,0
1491359047626280960,1491827379462971395,0,0,0
1491359047626280960,1491827175967924224,0,0,0
1491359047626280960,1491824442032504835,0,0,0
1491359047626280960,1491821502911627265,0,0,0
1491359047626280960,1491805866676260870,0,0,0
1491359047626280960,1491804564479045633,0,0,0
1491359047626280960,1491804212958748672,0,0,0
1491359047626280960,1491802790074617858,0,0,0
1491785709270691840,1492642463651184643,0,0,0
1491785709270691840,1492133137194930180,0,0,0
1491785709270691840,1492125394702671873,0,0,0
